id_funcionario,nome_funcionario,cpf_funcionario
11,Roberto Ferreira,11111111112
12,Patrícia Oliveira,22222222223
13,Lucas Mendes,33333333334
14,Isabela Costa,44444444445
15,Gustavo Silva,55555555556
16,Tatiane Rocha,66666666667
17,Bruno Santos,77777777778
18,Daniela Lima,88888888889
19,Eduardo Alves,99999999990
20,Vanessa Dias,10101010102
21,Fábio Nunes,11111111113
22,Laura Martins,22222222224
23,Rodrigo Souza,33333333335
24,Cristina Ramos,44444444446
25,Marcos Costa,55555555557
26,Amanda Silva,66666666668
27,Diego Oliveira,77777777779
28,Juliana Pereira,88888888890
29,Rafael Santos,99999999991
30,Beatriz Lima,10101010103
