id_passageiro,nome_passageiro,cpf_passageiro
11,Marcelo Torres,12345678911
12,Carla Santos,12345678912
13,André Lima,12345678913
14,Patrícia Costa,12345678914
15,Ricardo Souza,12345678915
16,Fernanda Oliveira,12345678916
17,Sérgio Martins,12345678917
18,Luciana Rocha,12345678918
19,Felipe Dias,12345678919
20,Simone Alves,12345678920
21,Hugo Nunes,12345678921
22,Elaine Pereira,12345678922
23,Leonardo Ferreira,12345678923
24,Renata Mendes,12345678924
25,Vinícius Ramos,12345678925
26,Débora Costa,12345678926
27,Alexandre Silva,12345678927
28,Mônica Oliveira,12345678928
29,Paulo Santos,12345678929
30,Lívia Lima,12345678930
31,Ana Clara Melo,05612389795
32,Luiz Otávio Sá,24397156034
33,Heitor Garcia,27453680107
34,Dra. Ana Lívia Jesus,67032184987
35,Manuella Ferreira,98430761250
36,Agatha da Cunha,63175849075
37,Henry Melo,95134806748
38,Maria Liz Fernandes,98723041579
39,Pedro Henrique Borges,96183547255
40,Léo da Cruz,30942856198
41,Anthony Gabriel Dias,35106978475
42,André Carvalho,24086351951
43,Sr. Benicio Azevedo,62487510994
44,Augusto da Costa,79481630269
45,Sra. Clarice Cavalcanti,56821079420
46,Alexandre Pastor,16720395416
47,Dr. Kevin Rezende,01465932860
48,Antony da Luz,06529847111
49,Sra. Mirella Alves,94751630261
50,Rafaela Aparecida,25704613934
51,Noah Vieira,85603412771
52,Sra. Fernanda Gomes,58316924005
53,Srta. Daniela Ferreira,34082917640
54,Alexandre Câmara,48627159319
55,Dra. Isabela Machado,81956032460
56,Esther Novais,91724036831
57,Ryan Siqueira,63704821535
58,Giovanna Almeida,56348107280
59,Calebe Farias,70528639447
60,Cecília da Paz,75614039848
61,Pietra Moreira,82569174319
62,Gabriel das Neves,75624931891
63,Ana Cecília Cavalcanti,30947156216
64,Danilo Marques,53264178982
65,Srta. Valentina Fernandes,43069581242
66,Ana Carolina Fernandes,68739502112
67,Alexia Jesus,61780493584
68,Clara Rodrigues,74382501997
69,Dra. Rafaela Monteiro,13508762912
70,Cauê Cunha,21947680501
71,Dr. Theo Novaes,04625198720
72,Antonella Carvalho,68095243710
73,Dr. Oliver Abreu,57236801453
74,Ágatha Barbosa,58196720386
75,Catarina Rocha,59321408797
76,Srta. Vitória Brito,70368512959
77,Catarina Oliveira,10896254305
78,Kevin Andrade,04518729676
79,João Miguel Peixoto,23719604543
80,Larissa Mendonça,03576241906
81,Danilo Fogaça,42576093892
82,Dra. Maitê Andrade,14096258776
83,Ravi Lucca da Mota,32804167526
84,Danilo Pereira,89051624360
85,Isis Cavalcante,73845619066
86,Eduarda Abreu,14392065898
87,Vitor Gabriel Silveira,74826530153
88,Benjamin Nascimento,79806542185
89,Maysa Brito,46897125067
90,Maysa Barros,35184629033
91,Noah Santos,20471359661
92,Sra. Heloisa Cassiano,31526704943
93,Dra. Luna da Luz,06239751812
94,Ana Beatriz Marques,12695308442
95,Eduardo Martins,67903152840
96,Gustavo Abreu,80923467122
97,Gabrielly da Mota,56219807430
98,Heloísa Fonseca,37829601496
99,Henry Lima,51790268494
100,Isis Ribeiro,04317265907
101,Lucas Barros,81259743004
102,Caroline Gomes,29740568300
103,Sr. Thomas Câmara,61824507976
104,Guilherme Moura,48902615758
105,Fernando Almeida,70865429383
106,Sarah Ribeiro,52631847946
107,Luiz Felipe Rios,50814639739
108,Pedro Lucas Porto,08624957338
109,Sra. Melina Ribeiro,42719503606
110,Zoe Cavalcante,97168530410
111,Antônio Albuquerque,06158293768
112,Maria Julia Marques,84675201326
113,Maria Fernanda Mendonça,62584713071
114,Cecília Cunha,92057864111
115,Kamilly Costa,95086471249
116,Danilo Borges,91674503857
117,Emanuella Almeida,98132054660
118,Antônio da Cruz,97182056402
119,Antony Borges,68123459033
120,Pedro Ramos,05786492176
121,Luigi Dias,17386240996
122,Ana Sophia Martins,21389450651
123,Diego Aragão,87431092504
124,Breno Gonçalves,63794158237
125,Srta. Cecília Aragão,31498702678
126,Beatriz Lopes,53610748290
127,Leonardo Aragão,65980324747
128,Caio Mendes,46930178500
129,Arthur Correia,20345816790
130,Luiza Ribeiro,76980241303
131,Sr. Felipe Sampaio,37960451206
132,Josué Peixoto,59437261016
133,Emanuel Silva,91048267520
134,Davi Lucas Novaes,20543189651
135,Kamilly Carvalho,07914685348
136,Sra. Sophie Fernandes,45619703800
137,Matteo Barros,51723608912
138,Isaac da Mata,92670183530
139,Giovanna da Rocha,50836472900
140,Eloá Macedo,50894613251
141,Brenda Silveira,58372109460
142,Bento Sales,56132849033
143,Emilly Rezende,49563210824
144,Natália Alves,89324761528
145,Sr. Isaac Machado,15324896098
146,Mariah Ferreira,90417236506
147,Dr. Daniel Cunha,46109738204
148,Srta. Mirella Sampaio,48716529391
149,Stella Pires,09725648374
150,Lívia Silva,56923701406
151,Sr. Renan Silva,49271603869
152,Yago Costela,24071936525
153,Pedro Henrique Leão,89462370150
154,Ana Sophia Câmara,50743926161
155,Gabriela Moraes,95042681370
156,Ana Lívia Pereira,53840297656
157,Jade Lopes,23051679895
158,Ana Luiza da Rosa,79860215430
159,Ana Sophia Azevedo,74065139252
160,Olívia Aragão,40175639299
161,Emanuelly Andrade,87943601548
162,Mirella da Paz,80543127680
163,Davi Lucca Sá,80527634956
164,Thales Nunes,20358971497
165,João Gabriel Vasconcelos,93765240800
166,Otávio Lopes,48570361262
167,Sr. Davi Miguel Rios,75829601494
168,Murilo Rocha,97436502107
169,Amanda Sampaio,24357089638
170,Aurora Novaes,96253784137
171,Luísa Aparecida,48120673913
172,Dra. Rafaela Sousa,12378094523
173,Levi Ribeiro,30496158260
174,Mirella Brito,21749653052
175,Lorena Silva,67482103996
176,Natália Barros,81057294667
177,Agatha Cavalcante,30291785441
178,Dr. João Peixoto,45896713010
179,Sr. Pedro Miguel Abreu,34978601231
180,Dr. Gael Aparecida,21758930497
181,Rafaela Silva,65173280921
182,Sra. Sophia Pastor,94061875310
183,Anna Liz Nogueira,85729601476
184,Sr. Apollo Dias,82453097610
185,Danilo Guerra,18025974685
186,Davi Lucas Mendes,95320476116
187,Camila Cardoso,70425319652
188,Srta. Ana Carolina Lopes,40813976278
189,Marcos Vinicius Brito,54679120894
190,Alana Casa Grande,65187239473
191,Pietro Moreira,14893265024
192,Vitor Gabriel Pastor,40183576993
193,Davi Lucas Sousa,73614589200
194,Sofia Cirino,48695723119
195,Ísis da Rocha,65870429374
196,Emanuella da Paz,62109753480
197,Isabella Ferreira,69854372146
198,Maria Vitória Guerra,45190368289
199,Luara Garcia,36784190548
200,Srta. Amanda Teixeira,79012863422
201,Dr. Renan Ribeiro,03697412507
202,Catarina Carvalho,15934678264
203,Marcos Vinicius Oliveira,96327450199
204,Maria Flor Oliveira,85723491628
205,Heitor da Luz,30587962429
206,Maria Laura Sousa,80234759160
207,Davi Luiz Cirino,54082316744
208,Bianca Martins,84257139005
209,Antonella Lima,34601852790
210,Rafael Moreira,51837420904
211,Leonardo Araújo,97206154352
212,Rodrigo Peixoto,29635781059
213,Maria Eduarda Castro,20359647847
214,Isabelly Aparecida,02187453979
215,João Aragão,82697104585
216,Dr. Bruno Sales,74085123653
217,Vitória Ribeiro,02675948365
218,Maria Luísa Dias,90685713202
219,Srta. Olivia Rios,59427863137
220,Sr. Emanuel da Cunha,27984351023
221,João Lucas Mendonça,82509163795
222,Alice Caldeira,37129568437
223,Maria Sophia Oliveira,45731082626
224,Stella Cassiano,12487365919
225,Matteo Melo,29765481373
226,Carolina Silva,69853427010
227,Sra. Jade Gonçalves,43109682796
228,Sr. Luiz Otávio Rios,89532467092
229,Mathias Rezende,27346198573
230,Enzo Nogueira,10932564860
231,Catarina Ferreira,18059674366
232,Oliver Vasconcelos,16047823904
233,Melissa da Cunha,05479612867
234,Ravi Costa,54986372092
235,Emanuella Peixoto,18594726309
236,Daniela Albuquerque,62398057186
237,Ísis Fonseca,67841920520
238,Sra. Rebeca Porto,20785391479
239,Cecília Alves,73264810590
240,Dr. Otto Cassiano,17243596061
241,Sra. Mariah da Mata,48075629329
242,Bernardo Brito,51496803205
243,Sra. Luana Ferreira,02679143507
244,Théo Albuquerque,45271869300
245,Isabelly da Costa,79253864010
246,Breno Farias,31826540989
247,Eduardo Monteiro,03917564866
248,Otávio Garcia,45107623808
249,Caio da Cunha,56914327882
250,Luiza Marques,96081432505
251,Catarina da Cruz,07486193566
252,Matteo Dias,20598761330
253,Marcelo Macedo,25983076400
254,Gustavo Henrique Costela,76120984585
255,Kevin Silva,49083512606
256,Samuel Rocha,80734651910
257,Eloah Novaes,95487610339
258,Léo Casa Grande,93862541070
259,Emanuelly Sampaio,37824910687
260,Oliver Ferreira,32580791612
261,Arthur Aparecida,12486057307
262,Isadora Martins,13075649252
263,Hadassa Pereira,91487056320
264,Gabriel Machado,53160498700
265,Ana Laura da Rosa,48710563253
266,Rael Azevedo,29403781505
267,Antonella Vieira,59813427655
268,Dra. Maya da Conceição,38610947548
269,Enrico Nascimento,37215068986
270,Bella Cavalcanti,78013659410
271,Samuel Cavalcante,58324169024
272,Gabriela Martins,86472035938
273,Srta. Bárbara Gomes,71643059270
274,Davi Lucas Câmara,38905471250
275,José Miguel Pinto,17463590216
276,Natália Dias,17392564099
277,Luara da Paz,18609325768
278,Maria Júlia Garcia,72384569155
279,Laís Melo,35408796175
280,Henry Gabriel Barbosa,38657194066
281,Eloá Cassiano,93106284560
282,João Miguel Costa,15369820406
283,Ana Almeida,53607984166
284,Enrico Montenegro,36259704143
285,Marcela da Paz,05471238923
286,Srta. Hellena Leão,25693478092
287,Diego Aparecida,60712483535
288,Arthur Gabriel Fernandes,24380175979
289,Luiz Otávio Cunha,54618732946
290,Amanda das Neves,73945620856
291,Rafaela Gomes,81320469787
292,Ana Lívia Casa Grande,54239018633
293,Sra. Maria Alice Vargas,43508679292
294,Lara Alves,46931207822
295,Ana Júlia Albuquerque,75089641285
296,Maria Luiza da Mota,72165394864
297,Levi da Conceição,24071985305
298,João Pires,96801532405
299,Raquel Fogaça,37958261446
300,Benjamim Mendes,29830746178
301,Dra. Alícia Pinto,94072318604
302,Vinicius Monteiro,69573140225
303,Stella Jesus,59460178375
304,Noah Pastor,52974106307
305,Davi Lucas Leão,03514276862
306,Giovanna Cavalcante,48951062767
307,Esther Casa Grande,03265418707
308,Felipe Correia,38540976200
309,Brenda Pires,81429035714
310,Gabriel Moraes,04175293680
311,Sr. Asafe Farias,54216938728
312,Melina Garcia,52179360886
313,Enrico Sousa,50678124949
314,Mateus Vasconcelos,16459273006
315,Brenda Pimenta,92631850424
316,Diego Pinto,05732146890
317,Raquel Gonçalves,04527138979
318,Thomas Azevedo,70495862185
319,Carolina Sales,04189527602
320,Yuri Vargas,94236570106
321,Ana Júlia Lima,95027461399
322,Sra. Ana Laura Nunes,53764820144
323,Arthur Miguel Sá,89754230692
324,Gustavo Henrique Almeida,14827953619
325,Cecília Cardoso,13672904813
326,João Miguel Borges,38597042656
327,Liz Sampaio,43689217555
328,Ana Júlia Vieira,30976248565
329,Dr. Caleb Nogueira,40786219530
330,Dra. Bianca Moura,84560317208
331,Brayan Lima,17826430526
332,Thiago Leão,94085176366
333,Emanuel da Cunha,73014892696
334,Sra. Gabrielly Araújo,92013647506
335,Sr. Pedro Henrique Fogaça,43281609589
336,Theodoro Monteiro,71406928585
337,Sra. Luiza Novais,58371046901
338,Maria Júlia Azevedo,90217364896
339,Hadassa Brito,12759046370
340,Antony Cirino,61570329443
341,Ana Laura Freitas,79108653410
342,Henry Santos,64712983078
343,Srta. Ester Brito,84052916794
344,Guilherme Vargas,35972408104
345,Apollo Macedo,36798154255
346,Emilly Leão,65972014343
347,Aylla Pires,93714805214
348,Lorena Jesus,43256089747
349,Jade Fernandes,80673921530
350,José Pedro das Neves,93267104831
351,Maria Fernanda Cassiano,01874539693
352,Ana Luiza Rezende,75981246391
353,Ana Farias,37965041839
354,Ísis Araújo,68431279087
355,Sra. Maria Alice Azevedo,05914326842
356,Cecília da Cruz,31874625026
357,Luana Camargo,79064832196
358,Bernardo Rocha,91308526415
359,Maria Vitória Martins,72589463146
360,Emanuel Silveira,38974561093
361,Ana Clara Jesus,56498270101
362,Rafaela Montenegro,08247153904
363,Daniel da Rosa,86245319773
364,Antony Lopes,69382017577
365,Nina Souza,03672159859
366,Dr. Rafael Cardoso,75324609161
367,Ana Pimenta,90153672803
368,Vitória Garcia,97836024113
369,Nicolas Gonçalves,57916438291
370,João Martins,93216754855
371,Ana Julia Camargo,16427509802
372,Luiz Henrique da Costa,75103984288
373,Sr. Gustavo Henrique Costela,01392857686
374,Isaac Pereira,63157940252
375,Pedro Miguel Barros,25941067801
376,Anthony Gabriel Nogueira,43671529873
377,Maria Julia Duarte,12985763428
378,Bento Gonçalves,17902536830
379,Sophie Macedo,48971623004
380,Natália Cavalcanti,34180756226
381,Arthur Aragão,37950862130
382,Melissa da Paz,03289547132
383,Ana Carolina da Rosa,53074168900
384,Arthur Miguel Câmara,85493201704
385,Sophie Abreu,27980563140
386,Ana Júlia Farias,50983741620
387,Lara Abreu,73196842509
388,Maria Sophia Jesus,76940352180
389,Rafael Gomes,98106275302
390,Sra. Maya das Neves,18940325605
391,Lucas Gabriel Nunes,23407195850
392,Diogo Abreu,14802639740
393,Maria Eduarda Ramos,86403157957
394,Bento Fernandes,31480579297
395,Sra. Cecília Vargas,70169285430
396,Maria Flor Rezende,34790286169
397,Rafaela Fonseca,29531748004
398,João Vitor Siqueira,21846597030
399,Nathan Moura,38261547973
400,Arthur Miguel Correia,38459620700
401,Sra. Marina Ferreira,27184309588
402,Dr. Francisco Gomes,37594106857
403,Danilo Albuquerque,56347092107
404,Bento Mendes,56427803956
405,Renan Viana,53107846910
406,Clara da Luz,63452189015
407,Danilo Marques,87962450347
408,Sr. Benjamim Siqueira,20847695158
409,Sarah Cirino,56738429100
410,Ana Júlia Costela,95620473180
411,Lorenzo Garcia,63042518906
412,Luara Cassiano,12693485070
413,Emilly Alves,18746023526
414,Theodoro Alves,39418267519
415,Luigi Marques,10942385705
416,Felipe Costa,52489036106
417,Dr. José Pedro Alves,73485026107
418,Lorenzo Guerra,87052619458
419,Olívia da Cruz,23096178496
420,Larissa Moreira,39740618278
421,Rafael Almeida,13794608240
422,Liz da Costa,14605827994
423,André Siqueira,45603982160
424,João Miguel Sá,82963750447
425,Mariane Silva,72304895638
426,Isaque Moreira,42791563016
427,Jade Gonçalves,40639172822
428,Olívia Ribeiro,74063958175
429,Ana Sophia da Mota,35968704292
430,Jade Camargo,78049362574
431,Ana Luiza Gomes,51624078362
432,Sr. Cauã Brito,82057139441
433,Theodoro Sales,81592360424
434,Samuel Ramos,63045978193
435,Sr. Ravi Farias,08657329492
436,Emanuel Melo,69728053410
437,João Felipe Fogaça,04317629887
438,Bryan Fernandes,28305976130
439,Ágatha Almeida,28914063542
440,Valentina Vargas,65472318017
441,Srta. Catarina Guerra,15740982685
442,Rafaela Silva,61027459307
443,Vitória Camargo,61837294500
444,Lara Vargas,95401378297
445,Luara Câmara,46298510702
446,Nicolas Silva,81245307932
447,Gael Porto,40587621958
448,Anthony Gabriel Fernandes,24098563738
449,Anna Liz Silva,72061345808
450,Eduarda Mendes,75208394600
451,Lorenzo Rocha,70816423903
452,Gabriela Cassiano,14309725643
453,Sra. Maria Helena Ramos,50941823741
454,Liam Novaes,42917850388
455,Caroline Martins,04936857238
456,Renan da Luz,63785042965
457,Júlia Sampaio,73621490507
458,Lavínia Castro,10937246506
459,Kamilly Sá,80459327160
460,Beatriz Borges,65482317080
461,Hadassa Dias,37052461943
462,Sr. Gabriel Campos,82916035451
463,Marcela Fernandes,29346751819
464,Miguel Rios,07231486940
465,Dr. Rafael Alves,63150294851
466,Sr. Diogo Machado,68315429728
467,Isabel Vargas,49281576309
468,Sr. Nicolas Santos,48293176555
469,Léo Lima,10682397431
470,Anthony Gabriel Aragão,40925738123
471,Benicio Silva,14362075925
472,Paulo da Cunha,34569187048
473,Anthony Gabriel Costa,78019352414
474,Sra. Heloísa Rocha,45682973038
475,Maitê Moraes,09381645701
476,Bruna Cunha,67523809456
477,Ana Carolina Martins,12843750644
478,Gael Machado,70289346592
479,Maria Sophia Nunes,04628319731
480,Lucas Gabriel Sousa,18302947504
481,Henry Sá,72435186053
482,Eloá Rezende,47819360240
483,Pietro Vasconcelos,76241908502
484,Sra. Ana Sophia Viana,21876530995
485,Davi Luiz Almeida,37951086401
486,Matteo Viana,86925703465
487,Apollo Dias,20819764558
488,Anthony Gabriel Ribeiro,81390267512
489,Valentina Aparecida,98401275350
490,Marcelo Martins,27813496582
491,Esther Pires,87306214535
492,Mirella Ramos,86159023721
493,Sr. Enzo Gabriel Vasconcelos,40652837956
494,Dr. Pedro Moraes,70294631887
495,Alana Araújo,96124073552
496,Camila Siqueira,43678021913
497,Bento da Conceição,53406928765
498,Dr. Vinicius Vargas,52089314788
499,Marina Moraes,47138056966
500,Maria Luísa Siqueira,62894703104
501,Sr. Francisco Almeida,38561904739
502,Ísis da Luz,54319076893
503,Luiz Miguel Fernandes,68927315030
504,Mariah Duarte,74380291669
505,Dom Caldeira,52679130499
506,Luigi Oliveira,05497318657
507,Ana Clara Costela,63819742069
508,Sr. Davi Brito,83925016406
509,Josué Pastor,09254781304
510,Melina Câmara,95784103601
511,Alana Vieira,53964108766
512,Arthur Gabriel Nascimento,39875641219
513,Théo Duarte,07548932600
514,Milena da Rosa,39607521480
515,Dr. José da Luz,52034981642
516,Luara Albuquerque,50913862460
517,Gael da Conceição,20345916824
518,Srta. Nicole Azevedo,52194308660
519,Matteo Monteiro,81247069303
520,Sr. Daniel Ribeiro,04391256770
521,Eloá Viana,78634290565
522,Srta. Isabella Gonçalves,27085341653
523,Maria Isis Jesus,92504738188
524,Dr. João Miguel Santos,56982731030
525,Heloisa da Costa,51839047232
526,Dra. Lavínia Martins,70652349161
527,Srta. Maysa Viana,73496150866
528,Igor da Cruz,70315862912
529,Arthur Martins,06247319525
530,Clarice Almeida,15768402985
531,Henry Gabriel Nogueira,29674531025
532,Olivia Pacheco,86153470939
533,João Abreu,08239754104
534,Jade Correia,80491357648
535,Esther Novaes,72496318537
536,Ana Sophia Monteiro,59236418015
537,Alana Teixeira,54372160844
538,Ana Sophia da Rosa,80921574304
539,Nicolas Vieira,16927403850
540,Lavínia Pacheco,30625714890
541,Maria Eduarda da Mata,90874516366
542,Aylla Viana,31675480290
543,Srta. Aurora Martins,25901486315
544,Dr. Eduardo Ribeiro,87265901312
545,Maria Cecília da Mota,60493185224
546,Gabriela Brito,24569381782
547,Srta. Antonella Macedo,14327065862
548,Isabel Novaes,65293471007
549,Bárbara Cassiano,34561809775
550,Ana Carolina Vargas,45938170648
551,Sra. Olívia Martins,91572360895
552,Caroline da Costa,94760125361
553,Isabelly Cirino,74269830131
554,Davi Luiz Mendonça,56921037886
555,Yago Fernandes,06981234769
556,Noah Dias,74605918230
557,Srta. Agatha Mendonça,25946731025
558,Maria Liz Montenegro,69785134237
559,Olívia Campos,95473682065
560,Mariane Carvalho,72450913823
561,Pedro Miguel Mendonça,89654103206
562,Théo Sá,57021639406
563,Gabriela Vieira,48560917357
564,Olívia Leão,79406315270
565,Alícia Lima,02683741553
566,Gabriela Siqueira,27438106535
567,Heloisa Garcia,57210398686
568,Maria Helena Cavalcanti,86124937069
569,Maria Eduarda Leão,56843790100
570,Rhavi Moraes,59764208347
571,Isadora Barbosa,81209543788
572,Davi Luiz da Paz,54972803150
573,Kaique Barbosa,90845763148
574,Cauê Cavalcanti,54109638739
575,Thiago Viana,64875102976
576,Esther Nogueira,16253049860
577,Lívia Albuquerque,50478169310
578,Lucas Gabriel Farias,32091564761
579,Camila Pires,27908154379
580,Cauã Costa,30259184624
581,Dr. Yan Gomes,23691574025
582,Júlia Dias,26509748185
583,Levi Peixoto,13268579400
584,Noah Souza,31827590602
585,Dr. Vitor Gabriel da Cruz,76584302938
586,Luiz Henrique Aragão,84316025708
587,Luiza Pereira,38752614026
588,Isaque da Costa,78054926111
589,Igor Mendonça,82564109306
590,Ayla Rios,25843901750
591,Kevin Melo,45371286900
592,Dr. Bernardo Duarte,04573269800
593,Dr. Marcelo Azevedo,63108952498
594,Paulo Guerra,46352780938
595,Lucca Araújo,54082761985
596,Gael Henrique Martins,23854017979
597,Srta. Vitória Leão,87654120958
598,Miguel Martins,80924751304
599,Aylla Sampaio,91780253621
600,Luna Carvalho,74156328937
601,Liz Pinto,61247850307
602,Maria Fernanda Barros,30172584914
603,Nicolas Araújo,82470356938
604,Dr. Mateus Pastor,15672398464
605,Leonardo Castro,01274853680
606,Cauê Souza,12067584901
607,Enzo Gabriel Silva,63012794506
608,Calebe Monteiro,64215380707
609,Maria Luísa Monteiro,38142095670
610,Sophie da Mata,90745632874
611,Henry Gabriel Cirino,49768251085
612,Bryan Gonçalves,71250489350
613,Isabelly Vieira,71394658273
614,Maria Cecília da Luz,49261853773
615,Ana Laura Sá,30245986774
616,Maria Isis Silva,03594172805
617,Cauã Nunes,56132049770
618,Isadora Sales,65832740190
619,Pietro Sousa,69087124350
620,Renan da Conceição,72145986391
621,Lunna Farias,42187950379
622,Sr. Rael Novais,45786902102
623,Alícia Campos,95207863177
624,Maria Luiza da Rocha,01975836448
625,Isabella Borges,53042198723
626,Ana Vitória da Cunha,64850723900
627,Ana Jesus,40329167804
628,Benjamim Albuquerque,95417086258
629,Erick Araújo,60459781294
630,Dr. André Câmara,28641039740
631,Sr. Emanuel Pacheco,59847103666
632,Luana Farias,43721086996
633,Benjamim Peixoto,37061254807
634,Yago Machado,81235974600
635,Lavínia Sales,07916534207
636,Fernanda Nunes,36782051940
637,Dr. Carlos Eduardo Montenegro,02853491714
638,Sr. Pedro Cavalcante,02783465108
639,Emanuelly Fogaça,78316429004
640,Alícia Carvalho,62718439050
641,Rafaela Gomes,21985403633
642,Davi Castro,17953026406
643,Dante Barbosa,24619083704
644,Raul Pacheco,51762930480
645,Pedro Henrique Macedo,87214309505
646,Cauã Viana,62591738491
647,Henry Gabriel Gonçalves,02976835438
648,Paulo Lima,72580431608
649,Alice Rios,95213468764
650,Lívia Câmara,21586740326
651,Nicolas Araújo,40639257810
652,Caio da Costa,45728109667
653,Sr. Vitor Campos,01952836433
654,Dra. Lorena Pimenta,39524867010
655,Henry Sá,20459831704
656,Sra. Heloisa Barbosa,10864297530
657,Rael Melo,37421698582
658,Yasmin Novais,12946035743
659,Sr. Luiz Henrique Marques,23150874653
660,Srta. Julia Nascimento,95017324607
661,Emanuella Costela,54362781919
662,Ravi Lucca da Cunha,14628530726
663,Davi Casa Grande,67823910586
664,Dr. Rhavi Novais,85947163039
665,Dante Sousa,48512607920
666,Emanuel Gomes,13764290552
667,Vitor Gabriel Almeida,46271890369
668,Elisa Alves,82436017913
669,Maria Sophia Silveira,60275143880
670,Dr. Matteo Oliveira,43829710631
671,Yago Abreu,17302869502
672,Luiz Miguel Silva,91342086740
673,Clara Azevedo,91326805703
674,Ana Laura Borges,32957146819
675,João Guilherme Cavalcanti,40127936599
676,Zoe da Rocha,32069547116
677,Cauã Mendonça,14563290815
678,Heitor Pastor,63028417987
679,Carolina Almeida,41623589070
680,Srta. Emilly Freitas,58093426124
681,Benjamim Cirino,76403985175
682,Dra. Mirella Nunes,10267843526
683,Yuri Silva,24075198685
684,Letícia Azevedo,41936207869
685,Elisa Souza,96283457029
686,Mariah Ribeiro,89170645310
687,Asafe Sá,74032165807
688,João Gabriel Vasconcelos,58730469210
689,Pedro Brito,92741586020
690,Sr. Henry Pastor,96783451291
691,Lívia da Paz,06942738131
692,Bruna da Mota,09267851330
693,Noah Pimenta,40726159867
694,Maria Luiza Porto,69408132769
695,Cecilia Barros,16092758377
696,Cauã da Conceição,07531248662
697,Felipe Rocha,46075389229
698,Sr. Oliver Nogueira,70296815330
699,Matheus Araújo,50842691324
700,Sra. Manuela Moreira,97046512876
701,Daniel Novaes,20978643178
702,Pietra Barbosa,26571934043
703,Dr. Josué Moraes,63152890451
704,Sr. Dom da Costa,05392764134
705,José Miguel Caldeira,10467359261
706,Yan Peixoto,24871039650
707,Lucca Monteiro,15632704980
708,Samuel Viana,08236195406
709,Heloisa Nunes,13240678969
710,Antony Cassiano,64210983551
711,Maria Eduarda da Mata,85314672928
712,Dr. Caleb Souza,20183976568
713,Apollo Silveira,31582674035
714,Yuri Câmara,30867591439
715,Maria Ribeiro,38904725160
716,Benício da Conceição,02734981505
717,Rael Dias,06397452107
718,João Guilherme Rios,24561309870
719,Davi Lucca Alves,35892470610
720,Juan Sampaio,36791052821
721,Luiz Henrique Borges,95381047657
722,Gustavo Cavalcante,25763914864
723,Evelyn Vieira,18302954705
724,Cauê Pastor,65124830905
725,Vitor Gabriel da Rocha,31078952612
726,Olivia Silva,39145672016
727,Noah Montenegro,72948536065
728,Lucas Gabriel Oliveira,38270419532
729,Dr. Mateus Albuquerque,39261480551
730,Sabrina Alves,17038694278
731,Luiz Felipe Aparecida,48763092565
732,Ryan Souza,60874159393
733,Dra. Bruna Duarte,52178469337
734,Fernanda da Mota,17436920804
735,Paulo Peixoto,46953721006
736,Heloisa Sousa,97412583050
737,Kevin Rios,36540219806
738,Dr. Matheus Farias,72514063906
739,Agatha Ramos,23670548947
740,Gabriela da Rocha,18276309496
741,Evelyn Rocha,97461530216
742,Alice Cavalcante,60153492716
743,Beatriz da Mata,98025173640
744,Cauê Oliveira,94608753193
745,Bianca Rezende,94128706396
746,Isaac Marques,06529348115
747,Yasmin Azevedo,23056814960
748,Sr. Benjamim Ferreira,60429875347
749,José Miguel Rodrigues,85196724346
750,João Vitor da Mata,10367249561
751,Breno Viana,78532904629
752,Pedro Lucas Cunha,03546217853
753,Igor Novaes,42879613582
754,Mariane Cirino,05647928102
755,Asafe Melo,43619285764
756,Sr. Apollo Cirino,90236741896
757,Luiz Otávio Mendes,64590712334
758,Benjamin Siqueira,64827019304
759,Isabelly Barbosa,49682037565
760,Srta. Gabriela Jesus,37526489100
761,Giovanna Araújo,50487916301
762,Eloá Camargo,63498517228
763,Erick Pires,36842159709
764,Emanuella Garcia,63789241040
765,Dr. Levi Vasconcelos,78194260558
766,Emilly Alves,27913048603
767,Larissa Martins,40796583110
768,Heloisa Campos,46295018785
769,Gael Henrique Rezende,50834729610
770,Olivia Mendes,91674538057
771,Clarice Vargas,85230794674
772,Arthur Miguel Ramos,16524708326
773,Dra. Nina Cavalcanti,51370642970
774,Dr. Enrico Ferreira,74963280140
775,Sr. José Pedro Sousa,12367890595
776,Sra. Antonella Caldeira,29678430169
777,Alexia Rocha,92756038121
778,Heloísa Pinto,21937640850
779,Maria Cecília da Paz,31204659761
780,Paulo Andrade,46183709204
781,Bryan Correia,35867210480
782,Arthur Abreu,69507123830
783,Thiago Castro,97341605839
784,Ravi Lucca Leão,39142068703
785,Arthur Barbosa,67302549125
786,Sra. Alexia Aparecida,62381594051
787,Maria Isis Cavalcante,01673842950
788,Maria Flor da Rocha,45069137875
789,Dr. Leonardo Gomes,37462518937
790,Luna Rios,81790652359
791,Manuella Marques,26859437065
792,Sr. Breno Almeida,93406175848
793,Ana Liz Sousa,98674510230
794,Sara Sampaio,25034876965
795,Ravi Lucca Souza,49275381682
796,Luiz Gustavo Melo,29801537612
797,Sabrina Brito,39680152405
798,Otávio Fernandes,20598314660
799,Maitê Guerra,58034167207
800,Sr. Rael Farias,01569273499
801,Oliver Souza,92318560498
802,Zoe Cirino,51320467890
803,Yan Fonseca,53601724952
804,Lucas Gabriel Correia,89367210469
805,Lorenzo Ramos,31895027659
806,Thales da Mata,21943705607
807,Gustavo Cavalcanti,42578106967
808,Ravi Lucca da Rosa,89761204502
809,João Pedro Moraes,91780354657
810,Maysa Martins,63817924003
811,Carolina Gomes,40136582753
812,Ana Laura Nunes,05641739243
813,Maria Liz Barros,93081564700
814,Valentina Machado,13609458224
815,Rhavi da Rocha,81362057444
816,Danilo Nunes,20134976525
817,Allana Ramos,31679802496
818,Ana Carolina Vieira,42376518946
819,Otto Fonseca,76480319575
820,Sra. Laura Pastor,76143082987
821,Sra. Ana Júlia Pereira,78934125691
822,Marcela Duarte,87439206169
823,Juan Azevedo,86259017430
824,Dra. Ana Cecília Ribeiro,60275394107
825,Vinícius Cavalcanti,47296350199
826,Anthony Pinto,89026537140
827,Sr. João Miguel Porto,70543926125
828,Davi Lucca Gomes,84130975684
829,Gabrielly Novaes,84103926740
830,Thomas Duarte,71593042680
831,Sra. Isabela Mendes,13487562928
832,Zoe Sousa,84926073196
833,Emilly Albuquerque,63924108722
834,Sophia Fogaça,18754036208
835,Pedro Carvalho,50362971803
836,João Miguel da Cruz,90216847567
837,Gael Santos,57943621891
838,Maria Flor Duarte,32607194822
839,Vitor Gabriel Gonçalves,19652708402
840,Emanuel Carvalho,41256093734
841,Ágatha Ramos,71623490561
842,Vitor Novaes,82973641519
843,Srta. Nina Macedo,47058916276
844,Miguel Barbosa,04826579365
845,Vitor Hugo Cavalcante,31497805279
846,Ana Lívia Jesus,85793406166
847,Dr. Asafe Ramos,05149728314
848,Sra. Maria Clara Barros,26479108558
849,Dra. Cecilia Oliveira,84591627373
850,Bárbara Fogaça,52319468005
851,João Guilherme Ferreira,34569207170
852,Sr. Vinícius Correia,59214068720
853,Dra. Maria Isis Sales,50369728130
854,Davi Luiz Cirino,87912065458
855,Ana Luiza Farias,63782049500
856,Sr. José Miguel Novais,74025836947
857,Fernanda Moura,79480351250
858,Breno Moreira,50134298624
859,Dr. Renan Sales,52071469399
860,Luiz Felipe Rodrigues,38602519702
861,Mariana Rezende,51739648048
862,Sarah Albuquerque,63084972583
863,Sara Moreira,71948325691
864,Sabrina Oliveira,72941506802
865,Maria Abreu,60139587268
866,Nina Cavalcanti,13805462905
867,Olívia Freitas,80162479549
868,Thiago Oliveira,19265307480
869,Helena Porto,93574802692
870,Isabelly Fogaça,56283109489
871,Srta. Rebeca Nogueira,13582940705
872,Yago da Rosa,20751934607
873,Maria Flor Teixeira,69142583098
874,Maria Luísa da Costa,09825731621
875,Lucas Sá,61023849542
876,Isabela Casa Grande,62413780904
877,Maria Fernanda Costela,82049531605
878,Dra. Esther Montenegro,15248367964
879,Igor Aragão,42135796891
880,Juliana da Conceição,10946857393
881,Maria Vitória Aparecida,24350718923
882,Davi Lucca Lopes,90345186206
883,Noah da Rocha,82174309696
884,Maysa Costa,48673952000
885,Sabrina Borges,41968032533
886,Ravi Campos,53946782191
887,Yasmin Moraes,43791085204
888,Diogo Costa,35604917893
889,Sr. Lucca Brito,54230176961
890,Ágatha da Costa,96417528049
891,Srta. Zoe Sá,12305467907
892,Joana Porto,81402367996
893,Bernardo Rios,34297185628
894,Bianca Vargas,10352987405
895,Levi Guerra,20698547365
896,Maria Eduarda Borges,91402358741
897,Maya Cirino,49851236764
898,Agatha Peixoto,35427081941
899,Valentim Pimenta,05329768438
900,Sr. Ryan Rezende,50416879357
901,Rhavi Barros,10748923640
902,Srta. Bárbara Cavalcante,24301679804
903,Eloá Nascimento,84975103648
904,Breno da Luz,89043215732
905,Ravi Lucca Porto,81360297502
906,Vicente Cardoso,46025739161
907,Ester das Neves,16752048967
908,Sophia Mendonça,91743805675
909,Ana Lívia Azevedo,62493571061
910,Ana Laura da Paz,07319268540
911,Cecilia Costela,38017264950
912,Yago Cardoso,35291684089
913,Ana Barros,86153920721
914,Laís Nascimento,64187925309
915,Vitória Montenegro,48102369787
916,Francisco Viana,53760812902
917,Maria Cassiano,94105786202
918,Heitor Abreu,13724590814
919,Elisa Nogueira,54610827344
920,Matheus Cunha,27856109386
921,Thomas Camargo,53204817644
922,Antônio Caldeira,37014659243
923,Henrique Ramos,31025647980
924,Kaique Guerra,89405137204
925,Leandro Cassiano,08453971684
926,Eduardo Nogueira,17503894288
927,Nathan da Mota,85031627921
928,Benicio Azevedo,78265413017
929,Luigi Carvalho,01869573277
930,Isabela Câmara,37605892195
931,Yan Cunha,90358416205
932,Sr. Vitor Hugo Mendonça,60749382104
933,João Vitor Silveira,25934681737
934,Pietro Cirino,79365482119
935,Ravy Rios,21359780602
936,Ana Vitória Aparecida,04295316725
937,Heloisa Porto,23409617507
938,Bianca Silva,36810972595
939,Bruna Camargo,78659032195
940,Josué Farias,43059817260
941,Heitor Câmara,92608734103
942,Rodrigo Machado,02836459115
943,Antonella Fernandes,20968375456
944,Henry Gabriel Mendes,67089451348
945,José Pedro Aragão,10397284560
946,João Miguel Vasconcelos,52137894637
947,Sophie Cassiano,34618752955
948,Eloah Azevedo,76829510368
949,Thiago Cavalcanti,49371052643
950,Sra. Larissa Gonçalves,15409268342
951,Nathan Rocha,14763982087
952,Catarina Pastor,04918637213
953,Davi Lucas Rodrigues,94561823719
954,Sr. Ian Vargas,19278304514
955,Manuela Ferreira,19562380777
956,Sr. Diogo Gonçalves,85741693237
957,Maria Clara Brito,96718324078
958,Ana Beatriz Silva,47615932025
959,Enzo Guerra,06183729540
960,Kaique Sampaio,43025769106
961,Matteo Ramos,94325718079
962,Sr. Nathan Azevedo,90137465866
963,Maria Helena Montenegro,12649570849
964,Daniel Leão,73192845023
965,Dra. Heloísa Pinto,83572146062
966,Milena Pinto,91238476031
967,Thales Garcia,34279106525
968,José Miguel Rios,35891407639
969,Ana Sophia da Paz,32908745160
970,Helena Cirino,10358724988
971,Sr. Bernardo Mendonça,51420376934
972,José Miguel Souza,30974265152
973,Maysa Andrade,42863095170
974,Vitória Mendonça,27983614004
975,Sr. Gustavo Henrique Siqueira,86970425347
976,João Vitor Azevedo,18035274988
977,Davi Lucas Nunes,45690817384
978,Thomas Silveira,31069547875
979,Sr. Brayan Novais,69823071403
980,Sra. Agatha Duarte,07842961387
981,Maria Sophia Cunha,82306459738
982,Davi Miguel Rodrigues,43926870150
983,Maria Júlia Porto,02314675916
984,Sr. Ravi Lucca da Rocha,89574620158
985,Heloísa Aparecida,45601827362
986,Maysa Pires,72658149085
987,Thales da Cunha,46903815775
988,João Lucas Lima,18943702523
989,Guilherme Ribeiro,47536128991
990,Heloisa Souza,18642753919
991,Luiz Henrique Pereira,19465283070
992,Maria Clara Silveira,21304758680
993,Luiz Felipe Farias,39510476820
994,Agatha Macedo,07629483538
995,Cecília Ferreira,51972064894
996,Antony Mendonça,04513276835
997,Gabriela Sales,12089346515
998,Júlia Câmara,48715932664
999,Kevin Rodrigues,58263407117
1000,Matheus Moura,90541738232
1001,Ana Luiza Fernandes,50289461758
1002,Dra. Maria Júlia Farias,53180796448
1003,Daniela Cardoso,48905726356
1004,Sr. Raul Moraes,23175049699
1005,Igor Barros,34608257900
1006,Liam Rocha,83167290595
1007,Sr. Dante Silva,05386217968
1008,Eloá Rodrigues,40982571305
1009,João Miguel Sales,58436092783
1010,Bryan Aragão,43186259746
1011,Sr. Augusto Cavalcanti,62149053799
1012,Ana Beatriz Farias,40286759365
1013,Ágatha Araújo,70852431988
1014,Srta. Caroline Moura,19637825428
1015,Gael Cirino,62971354873
1016,Maria Júlia Abreu,15736498219
1017,Manuela Moraes,87492503105
1018,Benjamim da Mota,37915682482
1019,Daniela Cassiano,53740682965
1020,Emilly Gomes,68745312044
1021,Arthur Miguel Garcia,25346178007
1022,Sra. Fernanda Câmara,91840623551
1023,Ana Rezende,10496853260
1024,Emilly Correia,47206319599
1025,Eloah Leão,63547819237
1026,Srta. Letícia da Mota,48026137922
1027,Natália Sampaio,63092547152
1028,Davi Aragão,38129456737
1029,André Pastor,50374928150
1030,Raul Viana,45036198298
1031,Lívia Viana,08196357230
1032,Maria Helena Novaes,05492867300
1033,Pedro Henrique Araújo,62893475191
1034,Sr. Alexandre Pastor,18937045648
1035,Ester Moraes,12907583441
1036,Stella Sá,21457830914
1037,Allana Sampaio,54367028992
1038,Kevin Caldeira,27834961004
1039,Ana Beatriz Nogueira,62315849764
1040,Milena da Paz,15382607940
1041,Maria Luiza Carvalho,86970251330
1042,Luigi Costa,61820753921
1043,Maria Correia,97318042505
1044,Dra. Sara Aragão,36051947884
1045,Thales Garcia,24965307143
1046,Ian da Rosa,93674528100
1047,Sophia Andrade,80125649398
1048,Giovanna Duarte,34612079850
1049,Mariana Oliveira,59823160759
1050,Danilo Sá,79356214034
1051,Sra. Laís Barros,14362859764
1052,Dr. Matheus Martins,01374598666
1053,José Pedro Cavalcante,04738956175
1054,Sr. Oliver Pastor,34291708505
1055,Henry Lima,69850324783
1056,Davi Lucca Santos,42763915043
1057,Luiz Fernando Mendonça,84097136593
1058,Isabela Camargo,01795236434
1059,Theo da Cunha,34196827004
1060,Otto Melo,62048531989
1061,Sr. Dante Moraes,24931780504
1062,Gabrielly Gomes,51897602430
1063,Bernardo Carvalho,10453972888
1064,Dra. Lara da Cruz,46953028700
1065,Ana Júlia Cardoso,17468329591
1066,Lorenzo Carvalho,47902351814
1067,João Costela,57412860380
1068,Antony Leão,32980641731
1069,Theo Teixeira,03948617520
1070,Isabelly Mendes,30495812714
1071,Eloá das Neves,23870546956
1072,Eduardo Caldeira,47108536226
1073,Paulo Rocha,16597308484
1074,Isabela Gomes,61748209396
1075,Luan Casa Grande,15276093407
1076,Bryan Farias,10459678230
1077,Catarina Correia,05314768208
1078,Sra. Liz Andrade,39518476039
1079,João Vitor da Costa,86503941242
1080,Vinicius Campos,89462103542
1081,Jade Cirino,84269530189
1082,Srta. Sophie Sampaio,94162873500
1083,Dr. João Gabriel Almeida,95780216401
1084,Stella Machado,80375912479
1085,Kaique Moreira,61423597800
1086,Manuella da Paz,85140632942
1087,Bento da Rocha,62947350170
1088,Ana Carolina da Conceição,04653712808
1089,Dr. Bryan Machado,87650391493
1090,Maria Flor Silva,35716928021
1091,Henry Gabriel Sá,04265891306
1092,Júlia Pacheco,06794823187
1093,Vitor Gabriel Pimenta,37620819487
1094,Melina Rodrigues,04753981223
1095,Luiz Otávio Duarte,72139608577
1096,Sr. Thiago Abreu,83405192714
1097,Dr. João Miguel Farias,95027834179
1098,Dr. Paulo Sousa,41259387097
1099,Dr. Antônio Pires,25849316728
1100,Isabelly Viana,74938256029
1101,Sofia Macedo,89752410332
1102,Heloísa Marques,40781325960
1103,Elisa Camargo,19523067877
1104,Amanda Melo,80764159267
1105,Hadassa Andrade,51489702601
1106,Sarah Cunha,01543982689
1107,Henry Gabriel Lima,84357621062
1108,Olivia da Luz,71362859095
1109,Kamilly Alves,26538791409
1110,Mariana Cavalcanti,60375182462
1111,Isabel Campos,17026439804
1112,Pedro Carvalho,68140593710
1113,Fernando Monteiro,60359784100
1114,Enrico da Costa,20836951433
1115,Luiz Fernando Gomes,10426857380
1116,Luísa Costela,41073598241
1117,Davi Luiz da Mota,84716325946
1118,Maitê Mendonça,05276938121
1119,Alice Casa Grande,10629485305
1120,Luan Peixoto,53460179848
1121,Pedro da Mata,15768034226
1122,Nicolas da Mota,52160473952
1123,Bryan Sousa,51679028359
1124,Vitor Hugo Rezende,80573126453
1125,Cauê Pastor,09345187260
1126,Bárbara Pinto,37509641810
1127,Camila Cavalcanti,30485621762
1128,Ágatha Carvalho,13257608462
1129,Erick da Conceição,96823071478
1130,Daniel Nascimento,07624583992
1131,Davi Luiz da Mata,72038451680
1132,Antony Monteiro,20917438604
1133,Luiza da Cruz,08496271501
1134,Luísa Campos,52908417332
1135,Nicole da Cruz,27340856153
1136,Diogo Farias,08917536484
1137,Ana Cecília Gonçalves,97280341640
1138,Murilo Leão,07612458390
1139,Srta. Lívia Casa Grande,18729364078
1140,Miguel Garcia,07459213616
1141,Oliver Caldeira,53189460701
1142,Valentina Sales,76231849031
1143,Francisco da Rocha,59430172670
1144,Diego Moura,65483921089
1145,Emanuella Castro,71846932050
1146,Cecilia Carvalho,71294850350
1147,Maria Isis Fernandes,17452863909
1148,João Gabriel Correia,42856370144
1149,Sr. José Pedro Aragão,94831706213
1150,Dr. Luiz Henrique Garcia,35091628460
1151,Maria Mendes,39061748593
1152,José Pedro Cavalcanti,51709348666
1153,Dra. Isabella Abreu,48935276146
1154,Ana Cecília Pinto,78352106902
1155,Isabelly Porto,02496738196
1156,Sr. Henrique Sá,25408793656
1157,Sr. Bruno Garcia,48179530205
1158,Maria Helena Cunha,43069271804
1159,Thales Vargas,87625193012
1160,Juan Almeida,30284576956
1161,Thomas da Luz,98654703229
1162,Maria Luísa Albuquerque,36241790803
1163,Benjamim Pereira,72689140322
1164,Lunna Gonçalves,68742950120
1165,Lunna Ramos,01823976530
1166,Isabelly Novais,40132587653
1167,Maria Fernanda Macedo,06237819568
1168,Juliana Albuquerque,15863794291
1169,Rafael da Rosa,21536980498
1170,Mathias Cirino,41726983528
1171,Diogo Monteiro,29481057305
1172,Maria Pacheco,10789635410
1173,Luiz Gustavo Macedo,69842517373
1174,Isadora Porto,61402589794
1175,Antony Moreira,90461387557
1176,Sra. Lunna Aragão,07236451835
1177,Maria Isis Freitas,80195734610
1178,Sr. Raul Siqueira,31942685033
1179,Antônio Melo,72096154820
1180,Lucca Cavalcanti,86234759092
1181,Caleb Pires,27608149396
1182,Igor Sales,84203769140
1183,Bruna Nascimento,85013297460
1184,Emanuella das Neves,49875021601
1185,Emilly Peixoto,78015926467
1186,Luigi da Rosa,39405628747
1187,Milena Pimenta,13508462790
1188,Maria Eduarda Macedo,18369274013
1189,Thiago Campos,54109268389
1190,Laís Camargo,07158249611
1191,Erick Fernandes,75134068208
1192,Joana da Paz,71295038668
1193,Pietra Pinto,28601497594
1194,Diogo da Cruz,05143697875
1195,Srta. Ayla Moreira,06183549215
1196,Aurora Duarte,51240978685
1197,Sra. Esther Melo,16789305203
1198,João Guilherme Pires,92370864150
1199,Anna Liz Cavalcante,50964783274
1200,Benicio Peixoto,49305168205
1201,Evelyn Cunha,39172804696
1202,Heloisa Montenegro,45836027900
1203,Matteo Moura,21356490824
1204,Samuel Borges,86459712085
1205,Renan Novaes,82315940788
1206,Evelyn Silva,95072438104
1207,Melissa Cavalcanti,26837590456
1208,Beatriz Marques,27184065344
1209,Mateus Sá,26958314719
1210,Catarina Siqueira,18354062970
1211,Cecília Moraes,26719308440
1212,Nicole Nunes,89025734197
1213,Stephany Novais,37459680265
1214,André Pacheco,72180654308
1215,Dr. Diogo Silveira,65023784126
1216,Sra. Milena Ribeiro,56243109780
1217,Júlia Farias,14657829076
1218,João Miguel Abreu,84956120702
1219,Ana Clara Moraes,96135702840
1220,Mariane Melo,83729056140
1221,Isabela Ribeiro,14803275653
1222,Thales Mendes,56219438728
1223,Yan Correia,15840239615
1224,Dra. Emanuelly Araújo,12469875382
1225,Rafael Sá,08495267365
1226,Ana Luiza Oliveira,17329604887
1227,Lucas Caldeira,14730596820
1228,Laís da Rocha,97245861382
1229,Evelyn Alves,14352697800
1230,Raul da Luz,07865291485
1231,Benjamim Novaes,18956273030
1232,Ana Lívia Farias,98542607392
1233,João Felipe Pimenta,47320568900
1234,João Pedro Carvalho,10754893693
1235,José Pedro Rios,04518293606
1236,Sr. Gustavo Henrique da Luz,30621598470
1237,Caio da Luz,12503874932
1238,Sra. Ana Carolina Campos,13062584998
1239,Antonella Monteiro,78903265130
1240,Vitor Hugo Duarte,07134956261
1241,Dra. Mariah Sampaio,87320196530
1242,Bruno da Cunha,09475123814
1243,Valentim da Mata,71594086249
1244,Aurora Carvalho,65827310417
1245,Oliver Santos,37169240599
1246,Ryan Ramos,02537418905
1247,Joaquim da Luz,40781263590
1248,Pietra Mendonça,43697810278
1249,Luana Rios,18506473993
1250,Anthony Gabriel Sá,47029685130
1251,Cecília Macedo,17562308462
1252,Ana Pereira,58320691702
1253,Benício Sousa,43586172044
1254,Enzo Gabriel Montenegro,05417326844
1255,Noah Porto,30762891440
1256,Laís Mendonça,34109728622
1257,Dr. Luiz Felipe da Cruz,23405961734
1258,Yan da Paz,61895703484
1259,Sr. Noah Vargas,27310896440
1260,Emilly Abreu,93087165484
1261,Natália Cavalcanti,94271356891
1262,Lucas Gabriel da Rocha,05498321732
1263,José Miguel Oliveira,51746083948
1264,Bento Santos,63720819540
1265,Sra. Ana Fonseca,03465782135
1266,Diogo Jesus,27064198304
1267,Sr. Igor Montenegro,48237506162
1268,Nicole da Paz,42630195716
1269,Bento Almeida,90152378677
1270,Valentina Jesus,23108954741
1271,Eloá Barros,74836519039
1272,Vinicius Araújo,56073924810
1273,Sra. Ana Carolina Ribeiro,45089237638
1274,Juan Oliveira,91205738630
1275,João Guilherme Monteiro,95624801351
1276,Catarina Carvalho,82906431524
1277,Matheus Costa,89305627447
1278,Sra. Maria Laura da Rosa,50218369433
1279,André Cirino,49318527691
1280,Ana Cecília Moura,58379214609
1281,Lucas Gabriel Pastor,40956312870
1282,Srta. Nina da Mota,50296817449
1283,Maria Cecília das Neves,67805134235
1284,Kamilly Barros,03126854915
1285,Clara Casa Grande,52461983089
1286,Isabela Andrade,62078159476
1287,Liam da Conceição,18645730235
1288,Fernanda Moreira,95431780620
1289,Lucas Gabriel Aragão,36045971884
1290,Anthony Novaes,42873506180
1291,Pietro Montenegro,61935247891
1292,Bruno Campos,32674985038
1293,Davi Luiz da Paz,26973450865
1294,Emanuel Leão,89765321040
1295,Benjamin Sousa,87634150207
1296,Natália da Luz,28195437664
1297,Alexandre Moura,03697425838
1298,Sra. Marina Camargo,67593180484
1299,Breno Costa,97263501821
1300,Joana Garcia,05736819457
1301,Benício Castro,72816493040
1302,Mathias Porto,25781064362
1303,Evelyn Vieira,64183725909
1304,Isis Rezende,60328549142
1305,Luigi Vieira,54218306915
1306,Dra. Maria Isis Cavalcanti,52703489188
1307,Manuela Cavalcante,35704912699
1308,Sr. Calebe Fernandes,61825709386
1309,Liam Sá,68274539109
1310,Felipe Pires,27195346846
1311,Ryan Leão,97341650206
1312,Benicio Sales,02158934689
1313,Cecília Correia,92056173425
1314,João Vitor Ferreira,62314785053
1315,Théo Correia,14625093716
1316,Yasmin Nunes,96074518211
1317,Maria Júlia Rocha,92708415379
1318,Benjamin Carvalho,86953274000
1319,Oliver da Mota,67023495800
1320,Nicole Duarte,82014695776
1321,Stella Camargo,14285670380
1322,Pietra Silva,29401735832
1323,Esther Castro,74910836500
1324,Caio Cavalcante,35089647100
1325,Maria Clara Santos,07834159666
1326,Dra. Júlia Sampaio,57826430992
1327,Liam Costa,54803296774
1328,Cecília Montenegro,53268017959
1329,Ana Carolina Sá,38967254164
1330,Luiza Guerra,74160938566
1331,Nicole Alves,23764058900
1332,Dr. Luiz Otávio Silva,37162085407
1333,Mariane Vieira,28635749146
1334,Murilo Rezende,02846517967
1335,Sr. Erick Mendes,61783052902
1336,Bernardo Caldeira,09485273665
1337,Bruna Cavalcante,57613849228
1338,Gabrielly Andrade,05394728160
1339,Milena Andrade,54602789374
1340,Luan Cunha,03287915630
1341,Vitória da Cruz,68937510286
1342,Cauê Novais,12078963496
1343,Lucas Pires,12405768380
1344,Sra. Rebeca Cardoso,09435867200
1345,Liz da Paz,34096251860
1346,Rafael Moraes,76083195420
1347,Isabelly Andrade,14069253734
1348,Gael Henrique Guerra,75961328040
1349,Marcos Vinicius Peixoto,13098762586
1350,Gabriela da Rocha,75138962086
1351,Maria Liz Martins,37190582479
1352,Luiz Felipe Rios,40312578997
1353,Dr. Otávio Almeida,25417689076
1354,Calebe Jesus,12465803735
1355,Dr. Antônio Almeida,16948753264
1356,Samuel Sá,35694201833
1357,Hellena Ferreira,49053728600
1358,Dante Silva,35976208177
1359,Natália Cavalcante,01758346280
1360,Dr. Thales Rios,76135082930
1361,Isaac Cunha,75863490292
1362,Dra. Eloah Leão,09486375100
1363,Isabela Mendes,32089145633
1364,Marina Souza,93286514764
1365,Léo da Mota,72496358083
1366,Ana Liz da Mata,30452869170
1367,Maria Sophia Jesus,49738051223
1368,Valentina Monteiro,43671205970
1369,Lucas Gabriel Nogueira,81637520417
1370,Lunna Barros,42603957856
1371,Luiz Miguel Costela,39521876077
1372,Luiz Otávio Rezende,38427510950
1373,Dra. Eloah da Mota,09562473856
1374,Yuri Sousa,68417203508
1375,Vitor Gabriel Viana,78165293419
1376,Olívia Teixeira,97310586212
1377,Mirella Borges,62384507974
1378,Maitê Moura,92045863700
1379,João da Mota,89104257685
1380,Vitor Mendes,91825603405
1381,Caroline Novais,13506872940
1382,Liz Monteiro,84310692796
1383,Daniel Casa Grande,23147950832
1384,Isabel Cirino,89675214309
1385,Sr. Francisco Sales,87390156295
1386,Benjamin Campos,18539602768
1387,Leonardo Sousa,27834019597
1388,Alice Costela,54390186701
1389,Luiz Henrique Ramos,57026938177
1390,Sr. Ravy Rezende,20943176506
1391,Maria Laura Sá,23187905668
1392,Rodrigo Carvalho,27469185364
1393,Laís Garcia,62497015830
1394,Ana Júlia Teixeira,72846051380
1395,Pedro Teixeira,35902871603
1396,Gael Henrique Mendonça,97432165025
1397,Henry Sá,90178253405
1398,Sr. Thiago Lopes,93180756268
1399,Allana Alves,08153472607
1400,Sr. Asafe Cardoso,40762935170
1401,Larissa da Conceição,76385149200
1402,Leandro Teixeira,45890617249
1403,Igor Rezende,53278419014
1404,Maria Alice Casa Grande,03791852612
1405,Dr. Arthur Marques,68423157946
1406,Luiz Otávio Pastor,78302649538
1407,Danilo Vasconcelos,24379168573
1408,Sabrina Dias,06971324552
1409,Aylla Pastor,40369781520
1410,Pedro Henrique Novaes,02645931707
1411,Valentina Aragão,84603715900
1412,Theodoro Fonseca,94738051601
1413,José Miguel Ribeiro,38201675959
1414,Dr. Apollo Gonçalves,80392614570
1415,Ana Vitória Marques,38107946278
1416,Henry Martins,40158623924
1417,Maria Eduarda Sales,48067925194
1418,Luiz Fernando Fogaça,18253046707
1419,Eduardo Rezende,86521730959
1420,Srta. Milena Teixeira,76039124580
1421,Ana Júlia Pereira,98061423570
1422,Laís Fernandes,76148320517
1423,Luiz Otávio da Rosa,76251438053
1424,Daniela Pires,63097518240
1425,Ravi Rios,17926584355
1426,Luigi da Rosa,13628457955
1427,João Guilherme Martins,47308516920
1428,Cauê Rocha,63219084796
1429,Sr. José Miguel Cavalcanti,79215803432
1430,Asafe da Paz,36507981400
1431,Zoe Sampaio,58271043960
1432,Isabella Moura,57968340101
1433,Lucas Santos,81524073644
1434,Ana Cecília da Costa,56803412989
1435,Vinícius Rios,52317408960
1436,Sra. Maysa Vasconcelos,12708645307
1437,Dra. Lunna Martins,51847092314
1438,Kaique Leão,64029513743
1439,Enrico da Rocha,43985760101
1440,Pietra da Paz,31549802704
1441,Dom Rocha,42637950161
1442,Fernanda Mendonça,84697230574
1443,Liam Castro,58173946264
1444,Nicolas Fogaça,94356812719
1445,Laís Monteiro,19243765809
1446,Pedro Henrique Ferreira,70358924600
1447,Theo Cardoso,40618273913
1448,Alícia Almeida,40297561316
1449,Maria Liz Oliveira,43852097150
1450,Murilo Sampaio,91735620416
1451,Ana Carolina Cunha,93057268102
1452,Antony Andrade,01649573839
1453,Bianca Brito,16084379222
1454,Luiz Henrique Pimenta,94812736528
1455,Lorena Gonçalves,26153987419
1456,Isabel Pastor,10723864535
1457,Benjamin Pimenta,06154923716
1458,João da Luz,98234501615
1459,Luiz Miguel Fogaça,38654207108
1460,Isabel Pimenta,85271493032
1461,Maria Alice Câmara,16358029460
1462,José Pastor,18739560295
1463,Guilherme Almeida,35602847910
1464,João Gabriel Montenegro,12589470304
1465,Anna Liz Martins,10952674343
1466,Sra. Sara Silva,72186034913
1467,Vitória Mendes,46178509294
1468,Alice Nunes,81260457362
1469,Francisco Borges,92645013805
1470,Sr. Bento da Rosa,81467930539
1471,Benicio Marques,72809364150
1472,Arthur Gabriel Sá,20957481667
1473,Eloá da Cruz,54371820905
1474,Sr. Kevin da Luz,61278905430
1475,Maria Liz Porto,12063954860
1476,Anthony Gabriel Gomes,37189546219
1477,Josué Lima,08547261362
1478,Maria Julia Caldeira,60593147243
1479,Anna Liz Cavalcanti,72546831062
1480,Thiago Alves,41876295058
1481,Bárbara Macedo,81324769050
1482,Juan Viana,49620137507
1483,Bento Cavalcante,12507934670
1484,Júlia Silveira,13952786012
1485,Dom Peixoto,07386249500
1486,Erick Machado,65047398200
1487,Agatha Azevedo,43287056107
1488,Liam Mendes,25697031840
1489,Cecilia Sá,63845921005
1490,Marcos Vinicius Rios,40576138207
1491,Noah Sales,87236049131
1492,Igor Nunes,90136487548
1493,Alexandre da Cruz,27309651812
1494,Luana Mendes,45392801714
1495,Davi Lucas Guerra,72968415328
1496,Dr. Luiz Otávio Fogaça,82516739095
1497,João Miguel Ferreira,12704365890
1498,Srta. Antonella da Cruz,59428130788
1499,Fernanda Moraes,45879130223
1500,Sr. Luiz Henrique Marques,61875092340
1501,Gabrielly Abreu,83196250415
1502,Gabrielly Garcia,68795324038
1503,Júlia Silveira,19045267306
1504,Luiz Fernando Peixoto,80752369121
1505,Sr. Dante Nunes,60719842387
1506,Caleb Pastor,37459260134
1507,Milena Duarte,97150324860
1508,Nicole Dias,47069231580
1509,Sr. Yuri Cirino,08295147323
1510,Bruno Correia,54103876948
1511,Otávio Pimenta,89713652002
1512,Ravi Lucca Lima,83261904542
1513,Antonella Fonseca,90634172506
1514,Luiz Felipe Camargo,73201469599
1515,Pedro Miguel Costa,39561472864
1516,Augusto Mendes,50374129860
1517,Rafaela Freitas,54927836100
1518,Enzo Nascimento,41379862582
1519,Raul Andrade,60912345799
1520,Ester Porto,19076238413
1521,Bianca Santos,67902843547
1522,Luísa da Paz,78941253691
1523,Yago Campos,16879430520
1524,Isabela Andrade,87953142619
1525,Isaac Rocha,49516830757
1526,Sr. Davi Lucas da Mata,43756120961
1527,Cecília Cavalcanti,49327580141
1528,Davi Mendes,49372650161
1529,Ravy Sá,40195638700
1530,Isabela Viana,19850634766
1531,Dra. Ana Sophia Peixoto,60842315780
1532,Emanuelly Abreu,12875394673
1533,Mariane Farias,18475369057
1534,Mariane Nunes,54739806274
1535,Letícia Ribeiro,16439820796
1536,Ester Albuquerque,58341069784
1537,Calebe Caldeira,17948032541
1538,Hadassa da Cruz,48960321524
1539,Maria Helena Vargas,26047189520
1540,Luan Pastor,97603518202
1541,José Miguel Borges,10825736471
1542,Henrique Cavalcante,65927318428
1543,Dra. Isadora Pastor,14936782564
1544,Srta. Clarice da Rocha,43586907265
1545,Laura Cardoso,26834970592
1546,Eduardo Dias,63897405229
1547,Dra. Pietra da Cunha,85421967328
1548,Ana Júlia Albuquerque,70234158905
1549,Diego Araújo,17983054297
1550,Sr. Ravi Lucca Sampaio,46089321524
1551,Beatriz da Mota,39146875255
1552,Hellena Rezende,26981437546
1553,Thomas Abreu,43952817023
1554,Heloísa da Paz,91704356857
1555,Eloá da Conceição,91807245667
1556,Maria Cecília Marques,21465039716
1557,Srta. Yasmin Peixoto,81764359020
1558,Luísa Pastor,12863075462
1559,Maria Clara Casa Grande,37564819219
1560,Brenda da Conceição,05219368702
1561,Davi Luiz Nunes,92704136599
1562,Benício Ribeiro,50264791380
1563,Ana Carolina Leão,05739421888
1564,Emanuel Gonçalves,01749653206
1565,Maitê Castro,96217345846
1566,Clarice Sousa,94065382106
1567,Pedro Henrique Abreu,39148502642
1568,Manuela Teixeira,76839052400
1569,Allana da Mata,71236095812
1570,Dra. Ana Sophia Cavalcanti,70132968487
1571,Yago Lima,15706394857
1572,Srta. Melina Sales,50483267929
1573,Maitê Rocha,24135689728
1574,Mateus Pimenta,54126938060
1575,Leandro Pimenta,17523986021
1576,Isabelly Macedo,63209817413
1577,Srta. Ísis da Paz,14679052830
1578,Vinicius Pastor,47160895339
1579,Paulo Castro,89706132503
1580,Heitor Andrade,01874926549
1581,Caleb Pinto,64371902561
1582,Matteo Vargas,69281543060
1583,Felipe Sousa,13874259609
1584,Ravy Andrade,95407682338
1585,Guilherme Macedo,71893265455
1586,Bianca Viana,40517928388
1587,Rebeca da Mota,59132687095
1588,Dr. Lucas da Mota,17296453800
1589,Theodoro Rezende,15392847005
1590,Alana Gonçalves,20851793479
1591,Guilherme Mendes,72640138987
1592,Maria Clara Câmara,73480695256
1593,Ana Cecília Jesus,84062197340
1594,Renan Novais,71408963566
1595,Srta. Maria Alice Cavalcante,32506987177
1596,Leandro Guerra,09235478600
1597,Melissa Nascimento,17248365017
1598,Carlos Eduardo Fonseca,13254098714
1599,Srta. Maria Luísa da Cruz,43519870657
1600,Oliver Peixoto,87019324541
1601,Danilo Cardoso,71264058390
1602,Catarina Sales,85041376271
1603,Gustavo da Luz,80194756300
1604,Srta. Pietra Montenegro,59168720467
1605,Theodoro Cirino,91036258424
1606,Dom Fernandes,54023678171
1607,Maria Flor Borges,24570819397
1608,Dra. Melissa Borges,28631570940
1609,Isadora Rodrigues,56837241982
1610,Helena Marques,54108973666
1611,Maria Eduarda Pimenta,60249783592
1612,Dr. Calebe Almeida,02186749378
1613,Dra. Milena da Conceição,01475263880
1614,Mariane Correia,21507638930
1615,Sophia Albuquerque,89740265383
1616,Maria Isis Pinto,46501238951
1617,Josué Novaes,74625109361
1618,Pedro Cardoso,62597438155
1619,Dra. Sophia Araújo,85039712677
1620,Mateus Oliveira,05924716325
1621,Dra. Ester Rezende,38092154732
1622,Ian Costa,74590126885
1623,Maria Isis das Neves,20654793883
1624,Srta. Isabelly Farias,36942075116
1625,Sr. Marcelo Almeida,34589276038
1626,Eduardo Lopes,17963850420
1627,Erick Freitas,54198723079
1628,Maysa Peixoto,52184609749
1629,Dra. Julia Cardoso,85607943100
1630,Mirella Pastor,90461325799
1631,Dante Santos,31807659259
1632,Raquel Mendonça,79231480588
1633,Sr. Mathias Rodrigues,81346520771
1634,Ravy Melo,47158630226
1635,Caroline Costela,32418076903
1636,Dra. Cecilia Novaes,76385942074
1637,Lívia da Conceição,01897462549
1638,Luigi Albuquerque,49208765300
1639,Natália da Rocha,24173068913
1640,Sra. Aylla Macedo,19724035832
1641,João Lucas Moreira,10467293570
1642,Cecilia da Costa,29485301642
1643,Kaique Nogueira,16475082902
1644,Diogo Freitas,45380271979
1645,Heloísa Marques,52630487180
1646,João Guilherme Freitas,42589017685
1647,Dra. Rafaela da Cunha,63195240734
1648,Rafael Peixoto,63785940238
1649,José Miguel Barros,28401396506
1650,Rafaela Viana,02138967530
1651,Sr. Daniel Fernandes,80673194566
1652,Anna Liz Novais,53279410860
1653,Bryan Novais,91605387240
1654,Pietra Sales,58961702386
1655,Pedro Fernandes,60148592767
1656,Maria Luiza Pinto,19203856498
1657,Alice Costa,13847029622
1658,Ana Vitória Aparecida,16795240380
1659,Ana Cecília Vargas,73128694591
1660,Brenda Gonçalves,25783491691
1661,Laís Borges,71826903496
1662,José Miguel Viana,43618750226
1663,Otto Gomes,84139620560
1664,Heloísa Melo,10874926530
1665,Maria Clara Fonseca,25981407611
1666,João Vitor Lima,97804632169
1667,Ana Laura Pereira,63095812442
1668,Danilo Costela,53102768407
1669,Luara Fonseca,08417236562
1670,Ana Cecília Moreira,86205413744
1671,Rael Carvalho,42351790634
1672,Dra. Melina Vasconcelos,90372154832
1673,Alexia Fogaça,79460128378
1674,Sra. Maria Sophia Sampaio,42810693560
1675,Gustavo Costela,62417805308
1676,Maria Fonseca,72041695307
1677,Maria da Mota,91542367891
1678,Gael Ribeiro,83291750497
1679,Pedro Lucas Rios,65803971448
1680,Dr. Benjamim Pereira,59124763080
1681,Thiago Fonseca,09485731639
1682,Erick Vargas,24856971085
1683,Marcelo Siqueira,98124057397
1684,Cauê Gonçalves,47821593079
1685,Marcela Casa Grande,61547092858
1686,Juan Monteiro,75402168326
1687,Amanda da Mata,79312504606
1688,Calebe Farias,07942613887
1689,Dr. Enzo Gabriel Novaes,95823640765
1690,Sophie Rezende,05297483123
1691,Juliana Dias,85736204983
1692,Dra. Laís Costa,78603915202
1693,Sr. Valentim Aparecida,54913720643
1694,Dr. Theo Silva,86431925033
1695,Nathan Silva,70126893403
1696,Sarah Fogaça,26514907334
1697,Ana Carolina Castro,27635410890
1698,Bárbara Brito,51423760999
1699,Davi Lucca Farias,26830957168
1700,Maysa Nunes,48731059279
1701,Sr. Davi Lucas Duarte,01479265802
1702,Rebeca Fernandes,32865971040
1703,Maria Julia Carvalho,52791036407
1704,Luiz Miguel Oliveira,18759603259
1705,Caroline Camargo,12548036960
1706,Dr. Guilherme da Costa,06821473978
1707,Heloísa Peixoto,05127489694
1708,Anthony Gabriel Brito,57698312437
1709,Maria Alice Siqueira,13049875232
1710,Thales Silva,85697231059
1711,Srta. Maria Isis Martins,20849751667
1712,Dra. Ágatha Lima,93501748205
1713,Ágatha Santos,43925680160
1714,Anthony Gabriel da Mota,67382041913
1715,Marcos Vinicius Pinto,29145387664
1716,Ravi Andrade,35241689737
1717,Heloísa Ramos,06942853747
1718,Lavínia Mendes,56042817353
1719,Bernardo Caldeira,46950378238
1720,Maria Cecília Alves,06935748100
1721,Fernando Ribeiro,05146327807
1722,Guilherme Sales,32178506968
1723,Theodoro Albuquerque,74038962547
1724,Julia Rodrigues,65172403906
1725,André Fonseca,46507238171
1726,Sabrina Montenegro,84691537228
1727,Sra. Mariah das Neves,27918035488
1728,Carolina da Cruz,21069483796
1729,Daniela Gonçalves,84695172011
1730,Dr. Dom Vieira,42837501905
1731,Fernanda Carvalho,42365890792
1732,Sra. Aurora Barbosa,20978564111
1733,Ravi Lucca Cirino,71049825314
1734,Francisco Barbosa,07539861240
1735,Sara Marques,29684175337
1736,Alana Costela,60427918502
1737,Luiz Fernando Vasconcelos,69034571270
1738,Kamilly Novais,54310869793
1739,Maria Luiza Albuquerque,31659472016
1740,Natália Sales,30157964299
1741,Vinicius da Mota,43127960840
1742,Isadora da Mata,38960125768
1743,Luiz Fernando Monteiro,87029346122
1744,Mathias Viana,61085734226
1745,Nicole Rocha,87426159337
1746,Joaquim Brito,79120385668
1747,Dra. Zoe da Cunha,92167804520
1748,Sarah Borges,21340675862
1749,Stephany Siqueira,85907216395
1750,Dr. Pedro da Luz,63407892187
1751,Benicio Ramos,70623495856
1752,Sr. Pedro Henrique Pacheco,48513967246
1753,Vitor Gabriel Aparecida,32748019504
1754,Ana Luiza Vargas,91670385221
1755,Dr. Guilherme Azevedo,02574813979
1756,Heloísa Viana,95071348241
1757,André Marques,84930657229
1758,Mirella Camargo,42075963800
1759,Henrique Sales,47813206517
1760,Dante Santos,96157348291
1761,Matheus Sousa,82674150920
1762,Ana Julia Pereira,83429165709
1763,Marina Pastor,48625039189
1764,Leonardo da Luz,89536702177
1765,Ana Clara Alves,87309245105
1766,Pedro Rocha,34619078204
1767,Sr. Vinicius Cassiano,25849361782
1768,Antônio Nascimento,87931064593
1769,Sr. Apollo Ramos,48625130933
1770,Maria Macedo,48107253671
1771,Sr. Luiz Otávio Moura,74539016261
1772,Théo Vieira,10324967543
1773,Davi Luiz Alves,86795134237
1774,Joaquim Teixeira,42058769120
1775,Maria da Cruz,92841305732
1776,Arthur Miguel Cavalcante,49307261822
1777,Dr. Theo Silva,81364570939
1778,Dr. Vitor Guerra,37649051234
1779,Maria Luiza Sá,83746201535
1780,Sr. João Miguel Mendes,51439870241
1781,Sr. João Miguel Monteiro,05792168458
1782,Lucas Barbosa,60283941570
1783,Cauê Souza,63975812419
1784,Emanuel Peixoto,23190758603
1785,Maria Helena Moraes,68024795167
1786,Pedro Miguel Santos,50189643242
1787,Luiza Albuquerque,79426358137
1788,Yago da Paz,07541896357
1789,José Miguel Machado,45672180949
1790,João Lucas Nogueira,07934182597
1791,Murilo Melo,23405186790
1792,Calebe Castro,27945830188
1793,Emanuella Moraes,96357840238
1794,Luiz Henrique Silva,71389540693
1795,Melina Rocha,39074682103
1796,Benício Oliveira,47369012506
1797,Gabrielly Cardoso,71092453652
1798,Bernardo Ramos,79503612470
1799,Theodoro Costa,51647390893
1800,Bento Carvalho,20134879678
1801,Enzo Gabriel Ramos,37825194004
1802,Helena Novaes,26743180904
1803,Kaique Duarte,27389051612
1804,Heitor Leão,27904538105
1805,Sr. Cauã Araújo,90486725383
1806,Ravi Lucca Mendes,86537012490
1807,Aurora Monteiro,70538216417
1808,Calebe Gomes,89062475167
1809,Enzo Gabriel Nascimento,90842763104
1810,Olívia Sampaio,79481023532
1811,Luiz Felipe Abreu,45689721328
1812,Josué Pires,08452796374
1813,Ágatha Martins,64102897585
1814,Srta. Manuella Araújo,26938075492
1815,Srta. Yasmin Teixeira,13967058484
1816,Carlos Eduardo Castro,62801379450
1817,Maya Castro,16429730506
1818,Melina Pastor,97023648500
1819,Diogo Borges,64501382708
1820,Manuella Costa,80379462150
1821,Sarah Duarte,92768543128
1822,Mariane Araújo,28570916302
1823,Henrique Moraes,03861795221
1824,Isabella Teixeira,19472530850
1825,Ravi Lucca Peixoto,69051284306
1826,Dra. Mariana Caldeira,68537219002
1827,Hadassa Barros,89640123560
1828,Sra. Lara Cassiano,90376584157
1829,João Miguel Vasconcelos,01573846910
1830,Sra. Fernanda Novaes,09621874378
1831,Natália Barros,24089516749
1832,Isabella Barbosa,41528637062
1833,Gustavo Henrique Sales,86590132712
1834,Maria Luiza Nogueira,06397542874
1835,Giovanna Sales,71958306401
1836,Heloísa Albuquerque,90672814331
